{
  "benign": {
    "precision": 0.9166666666666666,
    "recall": 0.7333333333333333,
    "f1-score": 0.8148148148148148,
    "support": 30.0
  },
  "malignant": {
    "precision": 0.6341463414634146,
    "recall": 0.8666666666666667,
    "f1-score": 0.7323943661971831,
    "support": 30.0
  },
  "normal": {
    "precision": 0.84,
    "recall": 0.7,
    "f1-score": 0.7636363636363637,
    "support": 30.0
  },
  "accuracy": 0.7666666666666667,
  "macro avg": {
    "precision": 0.7969376693766937,
    "recall": 0.7666666666666666,
    "f1-score": 0.7702818482161206,
    "support": 90.0
  },
  "weighted avg": {
    "precision": 0.7969376693766937,
    "recall": 0.7666666666666667,
    "f1-score": 0.7702818482161204,
    "support": 90.0
  }
}