{
  "benign": {
    "precision": 0.8658536585365854,
    "recall": 0.797752808988764,
    "f1-score": 0.8304093567251462,
    "support": 267.0
  },
  "malignant": {
    "precision": 0.7523809523809524,
    "recall": 0.626984126984127,
    "f1-score": 0.683982683982684,
    "support": 126.0
  },
  "normal": {
    "precision": 0.6115702479338843,
    "recall": 0.9367088607594937,
    "f1-score": 0.74,
    "support": 79.0
  },
  "accuracy": 0.7754237288135594,
  "macro avg": {
    "precision": 0.7432682862838073,
    "recall": 0.7871485989107949,
    "f1-score": 0.7514640135692767,
    "support": 472.0
  },
  "weighted avg": {
    "precision": 0.7930020686780618,
    "recall": 0.7754237288135594,
    "f1-score": 0.7761888059903225,
    "support": 472.0
  }
}