{
  "benign": {
    "precision": 0.8962655601659751,
    "recall": 0.8089887640449438,
    "f1-score": 0.8503937007874016,
    "support": 267.0
  },
  "malignant": {
    "precision": 0.6737588652482269,
    "recall": 0.753968253968254,
    "f1-score": 0.7116104868913857,
    "support": 126.0
  },
  "normal": {
    "precision": 0.7111111111111111,
    "recall": 0.810126582278481,
    "f1-score": 0.757396449704142,
    "support": 79.0
  },
  "accuracy": 0.7944915254237288,
  "macro avg": {
    "precision": 0.7603785121751044,
    "recall": 0.7910278667638929,
    "f1-score": 0.7731335457943098,
    "support": 472.0
  },
  "weighted avg": {
    "precision": 0.8058777528884951,
    "recall": 0.7944915254237288,
    "f1-score": 0.797780421578767,
    "support": 472.0
  }
}