{
  "benign": {
    "precision": 0.7647058823529411,
    "recall": 0.8666666666666667,
    "f1-score": 0.8125,
    "support": 30.0
  },
  "malignant": {
    "precision": 0.6764705882352942,
    "recall": 0.7666666666666667,
    "f1-score": 0.71875,
    "support": 30.0
  },
  "normal": {
    "precision": 0.9090909090909091,
    "recall": 0.6666666666666666,
    "f1-score": 0.7692307692307693,
    "support": 30.0
  },
  "accuracy": 0.7666666666666667,
  "macro avg": {
    "precision": 0.783422459893048,
    "recall": 0.7666666666666666,
    "f1-score": 0.766826923076923,
    "support": 90.0
  },
  "weighted avg": {
    "precision": 0.783422459893048,
    "recall": 0.7666666666666667,
    "f1-score": 0.7668269230769231,
    "support": 90.0
  }
}