{"accuracy": [0.25, 0.4245283007621765, 0.4669811427593231, 0.5283018946647644, 0.5943396091461182, 0.5094339847564697, 0.49056604504585266, 0.49528300762176514, 0.5424528121948242, 0.5141509175300598], "loss": [1.6489874124526978, 1.2536283731460571, 1.0842193365097046, 1.036426305770874, 0.9287328124046326, 0.9954291582107544, 1.0034440755844116, 1.0457768440246582, 1.022936224937439, 1.0220893621444702], "val_accuracy": [0.4444444477558136, 0.5888888835906982, 0.6333333253860474, 0.7444444298744202, 0.7333333492279053, 0.7333333492279053, 0.7222222089767456, 0.7111111283302307, 0.7555555701255798, 0.7333333492279053], "val_loss": [1.107336401939392, 0.9523894190788269, 0.8527177572250366, 0.7585547566413879, 0.710813045501709, 0.7158747911453247, 0.7149830460548401, 0.6992884278297424, 0.6900038123130798, 0.7192499041557312], "learning_rate": [9.999999747378752e-05, 9.999999747378752e-05, 9.999999747378752e-05, 9.999999747378752e-05, 9.999999747378752e-05, 9.999999974752427e-07, 9.999999974752427e-07, 9.999999974752427e-07, 9.999999974752427e-07, 9.999999974752427e-07]}