{"accuracy": [0.5289331078529358, 0.6799276471138, 0.7133815288543701, 0.7287522554397583, 0.735985517501831, 0.6247739791870117, 0.6365280151367188, 0.6193490028381348, 0.6564195156097412, 0.6726943850517273], "loss": [1.137500524520874, 0.7477658987045288, 0.6661175489425659, 0.6122381687164307, 0.5640507340431213, 1.200573444366455, 1.168479084968567, 1.1089946031570435, 1.0327976942062378, 0.9358642101287842], "val_accuracy": [0.6567796468734741, 0.7542372941970825, 0.7394067645072937, 0.7648305296897888, 0.7902542352676392, 0.7669491767883301, 0.7923728823661804, 0.7817796468734741, 0.7669491767883301, 0.7796609997749329], "val_loss": [0.7712347507476807, 0.6168861985206604, 0.5587798357009888, 0.5241616368293762, 0.4933682382106781, 0.5188162326812744, 0.5214776396751404, 0.5153018236160278, 0.5112887620925903, 0.514663577079773], "learning_rate": [9.999999747378752e-05, 9.999999747378752e-05, 9.999999747378752e-05, 9.999999747378752e-05, 9.999999747378752e-05, 9.999999974752427e-07, 9.999999974752427e-07, 9.999999974752427e-07, 9.999999974752427e-07, 9.999999974752427e-07]}