{"accuracy": [0.4403254985809326, 0.6500903964042664, 0.7115732431411743, 0.7215189933776855, 0.7332730293273926, 0.7495478987693787, 0.7739602327346802, 0.7649186253547668, 0.7920433878898621, 0.8010849952697754, 0.7287522554397583, 0.7486437559127808, 0.7594936490058899, 0.7613019943237305, 0.7667269706726074], "loss": [1.2367123365402222, 0.7905496954917908, 0.6759246587753296, 0.6131405830383301, 0.5917417407035828, 0.5288618206977844, 0.5100758075714111, 0.5072665214538574, 0.4828329086303711, 0.4422832727432251, 0.8804377317428589, 0.6855754852294922, 0.5922390818595886, 0.5627140402793884, 0.5359945297241211], "val_accuracy": [0.7605932354927063, 0.7754237055778503, 0.7923728823661804, 0.8029661178588867, 0.7944915294647217, 0.7944915294647217, 0.8029661178588867, 0.7944915294647217, 0.7944915294647217, 0.7881355881690979, 0.7944915294647217, 0.8008474707603455, 0.7966101765632629, 0.7902542352676392, 0.7902542352676392], "val_loss": [0.6435070633888245, 0.5612630248069763, 0.4975717067718506, 0.48577383160591125, 0.4707169830799103, 0.457643061876297, 0.44815781712532043, 0.4614364206790924, 0.4538513123989105, 0.44710344076156616, 0.4682614505290985, 0.48124170303344727, 0.4947190284729004, 0.5007452964782715, 0.5091525912284851], "learning_rate": [9.999999747378752e-05, 9.999999747378752e-05, 9.999999747378752e-05, 9.999999747378752e-05, 9.999999747378752e-05, 9.999999747378752e-05, 9.999999747378752e-05, 9.999999747378752e-05, 9.999999747378752e-05, 9.999999747378752e-05, 9.999999747378752e-06, 9.999999747378752e-06, 9.999999747378752e-06, 4.999999873689376e-06, 4.999999873689376e-06]}