{"accuracy": [0.37264150381088257, 0.5141509175300598, 0.5849056839942932, 0.6179245114326477, 0.5849056839942932, 0.4716981053352356, 0.5094339847564697, 0.5754716992378235, 0.6367924809455872, 0.6179245114326477], "loss": [1.3663182258605957, 1.1300123929977417, 0.9803258180618286, 0.9549741744995117, 0.8804084658622742, 1.1042784452438354, 1.007786512374878, 0.9900669455528259, 0.8776845932006836, 0.8624072074890137], "val_accuracy": [0.5222222208976746, 0.6333333253860474, 0.6666666865348816, 0.7444444298744202, 0.7555555701255798, 0.7555555701255798, 0.7555555701255798, 0.7444444298744202, 0.7444444298744202, 0.7666666507720947], "val_loss": [0.9667376279830933, 0.8213388323783875, 0.7421101331710815, 0.693118691444397, 0.6528974771499634, 0.6416246294975281, 0.6332937479019165, 0.6255864500999451, 0.6194448471069336, 0.6111533045768738], "learning_rate": [9.999999747378752e-05, 9.999999747378752e-05, 9.999999747378752e-05, 9.999999747378752e-05, 9.999999747378752e-05, 9.999999747378752e-06, 9.999999747378752e-06, 9.999999747378752e-06, 9.999999747378752e-06, 9.999999747378752e-06]}